[
    {"name": "RAPID", "description": "layer 7 - Attack Url [normal]", "duration": "86000"},
    {"name": "BYPASS", "description": "layer 7 - Attack Url [normal]", "duration": "86000"},
    {"name": "TLS", "description": "layer 7 - Attack Url [normal]", "duration": "86000"},
    {"name": "HTTP-RAW", "description": "layer 7 - Attack Url [normal]", "duration": "86000"},
    {"name": "CIBI", "description": "layer 7 - Attack Url [normal]", "duration": "86000"},
    {"name": "HTTPS", "description": "layer 7 - Attack Url [normal]", "duration": "86000"},
	{"name": "STORM", "description": "layer 7 - Attack Url [normal]", "duration": "86000"},
	{"name": "HTTP-X", "description": "layer 7 - Attack Url [normal]", "duration": "86000"},
	{"name": "GLORY", "description": "layer 7 - Attack Url [normal]", "duration": "86000"},
	{"name": "DESTROY", "description": "layer 7 - Attack Url [normal]", "duration": "86000"},
	{"name": "FLOOD", "description": "layer 7 - Attack Url [normal]", "duration": "86000"},
	{"name": "TLSV2", "description": "layer 7 - Attack Url [normal]", "duration": "86000"},
	{"name": "NINJA", "description": "layer 7 - Attack Url [normal]", "duration": "86000"},
	{"name": "XYN", "description": "layer 7 - Attack Url [normal]", "duration": "86000"},
	{"name": "BROWSER", "description": "layer 7 - Attack Url [normal]", "duration": "86000"},
	{"name": "MIX", "description": "layer 7 - Attack Url [normal]", "duration": "86000"},
	{"name": "KILL", "description": "layer 7 - Attack Url [normal]", "duration": "86000"},
	{"name": "STRIKE", "description": "layer 7 - Attack Url [normal]", "duration": "86000"},
	{"name": "HOLD", "description": "layer 7 - Attack Url [normal]", "duration": "86000"},
	{"name": "MIXBILL", "description": "layer 7 - Attack Url [normal]", "duration": "86000"}
]